{
  "hash": "c34ae785",
  "configHash": "4987fb1a",
  "lockfileHash": "482de070",
  "browserHash": "b839c68c",
  "optimized": {
    "@angular/common": {
      "src": "../../../../../../node_modules/@angular/common/fesm2022/common.mjs",
      "file": "@angular_common.js",
      "fileHash": "3809e6b1",
      "needsInterop": false
    },
    "@angular/common/http": {
      "src": "../../../../../../node_modules/@angular/common/fesm2022/http.mjs",
      "file": "@angular_common_http.js",
      "fileHash": "caeb16f4",
      "needsInterop": false
    },
    "@angular/core": {
      "src": "../../../../../../node_modules/@angular/core/fesm2022/core.mjs",
      "file": "@angular_core.js",
      "fileHash": "3c307ec7",
      "needsInterop": false
    },
    "@angular/forms": {
      "src": "../../../../../../node_modules/@angular/forms/fesm2022/forms.mjs",
      "file": "@angular_forms.js",
      "fileHash": "c4e00733",
      "needsInterop": false
    },
    "@angular/platform-browser": {
      "src": "../../../../../../node_modules/@angular/platform-browser/fesm2022/platform-browser.mjs",
      "file": "@angular_platform-browser.js",
      "fileHash": "82e41dfd",
      "needsInterop": false
    },
    "@angular/platform-browser/animations": {
      "src": "../../../../../../node_modules/@angular/platform-browser/fesm2022/animations.mjs",
      "file": "@angular_platform-browser_animations.js",
      "fileHash": "2d585f14",
      "needsInterop": false
    },
    "@angular/router": {
      "src": "../../../../../../node_modules/@angular/router/fesm2022/router.mjs",
      "file": "@angular_router.js",
      "fileHash": "732b4c3d",
      "needsInterop": false
    },
    "@auth0/angular-jwt": {
      "src": "../../../../../../node_modules/@auth0/angular-jwt/fesm2020/auth0-angular-jwt.mjs",
      "file": "@auth0_angular-jwt.js",
      "fileHash": "39d2d0c1",
      "needsInterop": false
    },
    "@stripe/stripe-js": {
      "src": "../../../../../../node_modules/@stripe/stripe-js/lib/index.mjs",
      "file": "@stripe_stripe-js.js",
      "fileHash": "abeb5488",
      "needsInterop": false
    },
    "bootstrap": {
      "src": "../../../../../../node_modules/bootstrap/dist/js/bootstrap.esm.js",
      "file": "bootstrap.js",
      "fileHash": "93763bdd",
      "needsInterop": false
    },
    "ngx-toastr": {
      "src": "../../../../../../node_modules/ngx-toastr/fesm2022/ngx-toastr.mjs",
      "file": "ngx-toastr.js",
      "fileHash": "e28ab30d",
      "needsInterop": false
    },
    "rxjs": {
      "src": "../../../../../../node_modules/rxjs/dist/esm5/index.js",
      "file": "rxjs.js",
      "fileHash": "4c9f5491",
      "needsInterop": false
    },
    "sweetalert2": {
      "src": "../../../../../../node_modules/sweetalert2/dist/sweetalert2.esm.all.js",
      "file": "sweetalert2.js",
      "fileHash": "2e66e68d",
      "needsInterop": false
    },
    "firebase/app": {
      "src": "../../../../../../node_modules/firebase/app/dist/esm/index.esm.js",
      "file": "firebase_app.js",
      "fileHash": "edfa84b1",
      "needsInterop": false
    },
    "firebase/database": {
      "src": "../../../../../../node_modules/firebase/database/dist/esm/index.esm.js",
      "file": "firebase_database.js",
      "fileHash": "e3487723",
      "needsInterop": false
    }
  },
  "chunks": {
    "chunk-ZZRKS23K": {
      "file": "chunk-ZZRKS23K.js"
    },
    "chunk-ZWPHNFVB": {
      "file": "chunk-ZWPHNFVB.js"
    },
    "chunk-6YYENBMF": {
      "file": "chunk-6YYENBMF.js"
    },
    "chunk-HLQA2TST": {
      "file": "chunk-HLQA2TST.js"
    },
    "chunk-TMOPMB4S": {
      "file": "chunk-TMOPMB4S.js"
    },
    "chunk-HNMXEQ2M": {
      "file": "chunk-HNMXEQ2M.js"
    },
    "chunk-ZSY7TSMJ": {
      "file": "chunk-ZSY7TSMJ.js"
    },
    "chunk-XWLXMCJQ": {
      "file": "chunk-XWLXMCJQ.js"
    }
  }
}